{
    "iteration": [
        1,
        2,
        3,
        4,
        5,
        6,
        7,
        8,
        9,
        10,
        11,
        12,
        13,
        14,
        15,
        16,
        17,
        18,
        19,
        20,
        21
    ],
    "mse": {
        "ridge": [
            3.058762728936127,
            3.3745717333128895,
            3.656334490871889,
            3.4670555543368287,
            3.554375711229517,
            4.904363830590354,
            4.72463378645579,
            4.657583532219753,
            4.687499815872497,
            4.5038295901738366,
            4.3499106381289225,
            4.2302950816252105,
            4.087813058287939,
            3.924129356922314,
            3.807251318584583,
            3.7546859304267555,
            3.9084366686578047,
            3.921551503914119,
            4.049472610998263,
            4.6558330964934695,
            4.327091855775516
        ]
    },
    "r2": {
        "ridge": [
            0.9788929073388649,
            0.9756946890075148,
            0.9729233533151084,
            0.9743405660066361,
            0.9748650376424712,
            0.9638847791486578,
            0.964191937163969,
            0.9634925842153216,
            0.9629825679808963,
            0.9640042665448906,
            0.964561053890805,
            0.9643910942006519,
            0.9655243740241599,
            0.9659564551862735,
            0.9666021095470311,
            0.9660997541698181,
            0.9638348825212893,
            0.964221466466331,
            0.9626411646990641,
            0.9559484230693861,
            0.958019146315352
        ]
    },
    "anomalies": [
        false,
        false,
        false,
        false,
        false,
        false,
        false,
        false,
        false,
        false,
        false,
        false,
        false,
        false,
        false,
        false,
        false,
        false,
        false,
        false,
        false
    ]
}