{
    "iteration": [
        1,
        2,
        3,
        4,
        5,
        6,
        7,
        8,
        9,
        10,
        11,
        12,
        13,
        14,
        15,
        16,
        17,
        18,
        19,
        20
    ],
    "mse": {
        "random_forest": [
            5.689909194981063,
            4.333037772511853,
            4.184397151982718,
            1.9646842666822424,
            2.6755412888414702,
            4.737805986551168,
            3.44691245383311,
            4.154063006835151,
            7.832332746538522,
            7.184403508228437,
            6.686520399240051,
            7.478205999687953,
            6.90231153474332,
            5.516004383218315,
            5.447155071737429,
            9.185000698942122,
            8.752198554450471,
            9.015221709431529,
            8.332622807425334,
            7.910285817716832
        ]
    },
    "r2": {
        "random_forest": [
            0.592989920855575,
            0.6840079552442766,
            0.7392062539761779,
            0.8917319272428222,
            0.844811331011955,
            0.7269690939536615,
            0.7963284543888127,
            0.7434106978999794,
            0.4951760348533276,
            0.5650690856677724,
            0.609182721810072,
            0.5912182366607384,
            0.6431689755397199,
            0.7048608286948078,
            0.7041127895684426,
            0.5153581907307734,
            0.5454828407432382,
            0.5172272012639761,
            0.5489182782697544,
            0.5919648234388355
        ]
    },
    "anomalies": [
        false,
        false,
        false,
        false,
        false,
        false,
        false,
        false,
        false,
        false,
        false,
        false,
        false,
        false,
        false,
        false,
        false,
        false,
        false,
        false
    ]
}