{
    "iteration": [
        1,
        2,
        3,
        4,
        5,
        6,
        7,
        8,
        9,
        10,
        11,
        12,
        13,
        14,
        15,
        16,
        17,
        18,
        19,
        20,
        21,
        22
    ],
    "mse": {
        "svr": [
            11.026718772281617,
            9.696283978276986,
            10.010255477355228,
            9.821050275666279,
            9.896194362121838,
            9.854530203665805,
            9.626712737918261,
            9.790695475402423,
            11.774790683008861,
            11.633534538484877,
            11.184482465905456,
            11.210120702836372,
            10.961625857247197,
            10.792180917001012,
            20.52709969713793,
            18.216912723904187,
            15.753801609409704,
            16.04257054874658,
            30.405937212102284,
            32.017071484454824,
            28.43846659290437,
            28.847084127466974
        ]
    },
    "r2": {
        "svr": [
            0.9197895592667562,
            0.9295422748015418,
            0.9267479782650487,
            0.9250045076330048,
            0.9308983798268302,
            0.9302638812118789,
            0.9290476432897856,
            0.9259672286481636,
            0.9104264421202974,
            0.9130001001242127,
            0.9134696329402312,
            0.9125550160243279,
            0.9136651625319655,
            0.9166153095254593,
            0.8528644868744569,
            0.8657621140590603,
            0.8821712104309315,
            0.8766271823768567,
            0.7772015861120438,
            0.7602590158018936,
            0.7857110166860837,
            0.777832804118159
        ]
    },
    "anomalies": [
        false,
        false,
        false,
        false,
        false,
        false,
        false,
        false,
        false,
        false,
        false,
        false,
        false,
        false,
        false,
        false,
        false,
        false,
        false,
        false,
        false,
        false
    ]
}