{
    "iteration": [
        1,
        2,
        3,
        4,
        5,
        6,
        7,
        8,
        9,
        10,
        11,
        12,
        13,
        14,
        15,
        16,
        17,
        18,
        19,
        20,
        21,
        22,
        23,
        24,
        25
    ],
    "mse": {
        "knn": [
            2.9066192325515052,
            3.195720563819913,
            3.0009998482697524,
            2.8299242683572476,
            2.98506961594436,
            3.206090945607661,
            3.4598423143338466,
            3.303403998462227,
            6.541507272420694,
            6.133674780250667,
            6.5176811581928025,
            5.468392721581156,
            4.790691195786839,
            4.742771877611056,
            4.546768649127386,
            4.665429220655895,
            4.829342814339564,
            4.885401300924263,
            4.889128715883915,
            6.377261106993111,
            6.19283454009339,
            5.9868885140824055,
            5.920304766040915,
            5.7849444674349195,
            6.068714951838688
        ]
    },
    "r2": {
        "knn": [
            0.43502114757466337,
            0.47490462701124203,
            0.49643378727918186,
            0.5053006440699439,
            0.5460470663857683,
            0.5215013427389145,
            0.46574657983390777,
            0.4949649356382745,
            0.529716109476319,
            0.5440031284749753,
            0.5259991327680573,
            0.5909137773298272,
            0.657678837955689,
            0.6542299196679878,
            0.6600731044913284,
            0.6839414379197255,
            0.6640755607535216,
            0.6555224235014196,
            0.6592046257199472,
            0.544838635916365,
            0.5471643996704559,
            0.5515505208233683,
            0.5468391855720396,
            0.6069222530593439,
            0.5834906549426606
        ]
    },
    "anomalies": [
        false,
        false,
        false,
        false,
        false,
        false,
        false,
        false,
        true,
        false,
        false,
        false,
        false,
        false,
        false,
        false,
        false,
        false,
        false,
        false,
        false,
        false,
        false,
        false,
        false
    ]
}