{
    "iteration": [
        1,
        2,
        3,
        4,
        5,
        6,
        7,
        8,
        9,
        10,
        11,
        12,
        13,
        14,
        15,
        16,
        17,
        18,
        19,
        20,
        21,
        22,
        23,
        24,
        25
    ],
    "mse": {
        "tree": [
            0.04175751992623898,
            0.03877483993150762,
            0.1159556098367101,
            0.11854499157012845,
            2.625243142497809,
            2.4793963012479305,
            2.6613605642761278,
            2.528292536062321,
            3.244677549521809,
            4.712501325627614,
            10.034332804588386,
            8.695573576191041,
            23.342400064503522,
            22.689262911562096,
            26.00425811805447,
            25.802231358894932,
            31.151134917401038,
            30.232246826793915,
            55.382406154837156,
            59.041297106175094,
            58.373902552661576,
            47.878714208461055,
            56.98497087266578,
            64.14729207385744,
            66.02350955055928
        ]
    },
    "r2": {
        "tree": [
            0.9998931276781774,
            0.9998972306810073,
            0.999679122698654,
            0.9996502883813347,
            0.9976559824693739,
            0.9983318324482621,
            0.9981375039807371,
            0.9982832427596847,
            0.9977384186709541,
            0.9965887865937492,
            0.992411823877423,
            0.9935030306031076,
            0.9863569427172174,
            0.9868513176606828,
            0.9865046695623153,
            0.9867219101188759,
            0.983780245656211,
            0.9840623612184684,
            0.9701599431163654,
            0.9675382014133125,
            0.969605032006984,
            0.9744624343378773,
            0.9707019872015147,
            0.9672725106857541,
            0.9692659819266098
        ]
    },
    "anomalies": [
        false,
        false,
        false,
        false,
        true,
        false,
        false,
        false,
        false,
        false,
        false,
        false,
        false,
        false,
        false,
        false,
        false,
        false,
        false,
        false,
        false,
        false,
        false,
        false,
        false
    ]
}