{
    "iteration": [
        1,
        2,
        3,
        4,
        5,
        6,
        7,
        8,
        9,
        10,
        11,
        12,
        13,
        14,
        15,
        16,
        17,
        18,
        19,
        20,
        21,
        22,
        23,
        24
    ],
    "mse": {
        "bayesian": [
            5.155990695110777,
            4.916926554328005,
            4.934228894182463,
            5.179336142150165,
            5.248765822657898,
            5.083206810050846,
            5.483828946374607,
            5.479799345220023,
            5.904927337140708,
            6.66836489876573,
            6.861487331172799,
            7.672703300688334,
            7.229310897021606,
            7.161956582165852,
            6.6070947720907025,
            6.539533235015069,
            6.094870298091515,
            6.1087232593722325,
            5.795300345144613,
            5.652649033329491,
            5.521199486019546,
            5.278134828179803,
            5.9074843156976256,
            5.9224824922112
        ]
    },
    "r2": {
        "bayesian": [
            0.9014690661576878,
            0.9125082746048162,
            0.9080768302664549,
            0.8993044879999395,
            0.8943184297538804,
            0.8941662269964916,
            0.8924330225999221,
            0.8893752812325556,
            0.8934090839643213,
            0.8804016806834671,
            0.8841058652104223,
            0.8686129014972347,
            0.8720117811714472,
            0.8718039202891879,
            0.8861935766366013,
            0.8895214975710203,
            0.8942850109019264,
            0.8914825811119969,
            0.8952397873524645,
            0.8950817437591625,
            0.8948074247811049,
            0.9010851469958492,
            0.8884406153037093,
            0.8875761995542518
        ]
    },
    "anomalies": [
        false,
        false,
        false,
        false,
        false,
        false,
        false,
        false,
        false,
        false,
        false,
        false,
        false,
        false,
        false,
        false,
        false,
        false,
        false,
        false,
        false,
        false,
        false,
        false
    ]
}