{
    "iteration": [
        1,
        2,
        3,
        4,
        5,
        6,
        7,
        8,
        9,
        10,
        11,
        12,
        13,
        14,
        15,
        16,
        17,
        18,
        19,
        20,
        21,
        22,
        23,
        24,
        25,
        26,
        27,
        28,
        29,
        30
    ],
    "mse": {
        "linear": [
            2.6923896490601544,
            2.471996903101142,
            2.4448537250251903,
            2.53668915977634,
            2.4620475987916612,
            2.434842114217787,
            2.394786185120742,
            2.290792000065305,
            2.3022246859074653,
            2.368368468481073,
            2.1080285101748366,
            2.0440138763964715,
            1.9963485979681501,
            1.9437661370610748,
            1.889945350105576,
            1.8141602639733008,
            1.779370583686809,
            1.7360116882605932,
            1.6827995172392933,
            1.7783223534777048,
            1.8043752632901773,
            1.779337544809851,
            1.82084730549108,
            1.8394777361972945,
            1.7475286171024693,
            1.723004486012151,
            1.7758866371431898,
            1.7680989261317224,
            1.8519535268492615,
            2.031055994600405
        ]
    },
    "r2": {
        "linear": [
            0.9084783120121541,
            0.9108654249085391,
            0.9186794696851258,
            0.918050310503089,
            0.9289522692964028,
            0.9348928249398719,
            0.9348098404953971,
            0.9346559556113445,
            0.9323240341817483,
            0.9270188834399838,
            0.9322289628111542,
            0.9345883226215642,
            0.9341196567192945,
            0.9331377034409423,
            0.9346400512065748,
            0.9352692690642039,
            0.9371659967030728,
            0.9373116033469502,
            0.9427185498411356,
            0.9383192812503317,
            0.9439170056949417,
            0.9439100885146966,
            0.946429627186785,
            0.9443593858600505,
            0.946464795242297,
            0.9510208142712715,
            0.9483166574424502,
            0.9506707657775872,
            0.9474948984640569,
            0.9412795135899187
        ]
    },
    "anomalies": [
        false,
        false,
        false,
        false,
        false,
        false,
        false,
        false,
        false,
        false,
        false,
        false,
        false,
        false,
        false,
        false,
        false,
        false,
        false,
        false,
        false,
        false,
        false,
        false,
        false,
        false,
        false,
        false,
        false,
        false
    ]
}