{
    "iteration": [
        1,
        2,
        3,
        4,
        5,
        6,
        7,
        8,
        9,
        10,
        11,
        12,
        13,
        14,
        15,
        16,
        17,
        18,
        19,
        20,
        21,
        22,
        23
    ],
    "mse": {
        "lasso": [
            5.205901692535907,
            5.009178296673871,
            5.236179771421004,
            5.0948074525037965,
            4.901830764358636,
            4.669197027374943,
            4.840713499985737,
            6.282813985310834,
            7.33733107901266,
            6.182839158663024,
            5.68783174019269,
            5.0793338819498866,
            4.761711088279067,
            5.752551700177541,
            5.195582680090537,
            5.013640544821978,
            4.923170350500315,
            5.421689517843127,
            8.329440313146586,
            9.056454046436778,
            9.204072922943311,
            7.690643128815312,
            7.631299486221984
        ]
    },
    "r2": {
        "lasso": [
            0.967989957527887,
            0.9686491500400508,
            0.9659395049235041,
            0.9684088070369519,
            0.9706990570459918,
            0.9708248734949888,
            0.9685316152259631,
            0.9576817771329766,
            0.9492500430008403,
            0.9574578137403745,
            0.9645026322672756,
            0.9683138705305566,
            0.9711718904746325,
            0.9649389597243277,
            0.9684846949088852,
            0.9687261438433541,
            0.970381133727123,
            0.9688077868735157,
            0.9546014292740238,
            0.9509362779125665,
            0.9488015389747861,
            0.9561459100622615,
            0.9565396701808133
        ]
    },
    "anomalies": [
        false,
        false,
        false,
        false,
        false,
        false,
        false,
        false,
        false,
        false,
        false,
        false,
        false,
        false,
        false,
        false,
        false,
        false,
        false,
        false,
        false,
        false,
        false
    ]
}