{
    "iteration": [
        1,
        2,
        3,
        4,
        5,
        6,
        7,
        8,
        9,
        10,
        11,
        12,
        13,
        14,
        15,
        16,
        17,
        18,
        19,
        20,
        21,
        22,
        23,
        24,
        25,
        26,
        27,
        28,
        29,
        30,
        31,
        32,
        33,
        34,
        35,
        36,
        37,
        38,
        39,
        40
    ],
    "mse": {
        "gradient_boosting": [
            0.0006240185902097119,
            0.00066365105519831,
            0.0007702653414360868,
            0.0009678397374043533,
            0.0009819031596555127,
            0.8766436777039371,
            0.9082200678069554,
            9.25103320409803,
            18.410517005444355,
            23.043461706825198,
            22.64554448734695,
            22.337275662972516,
            57.427906376217614,
            55.92865343886619,
            53.40378246717909,
            57.98146387193188,
            73.13178753610077,
            71.95329520918689,
            173.75924458597007,
            230.07443941217775,
            465.86485382585954,
            474.8608413310065,
            428.0288229355011,
            1448.3827626138286,
            2997.9306298470797,
            2936.5224697532444,
            2877.2669699727494,
            2822.9782588340677,
            2742.3064871419783,
            2682.9828811228053,
            2492.431876699218,
            2619.912756381647,
            2494.366594587548,
            2444.658054903632,
            2398.584050314595,
            2358.5437823171146,
            2272.516157674824,
            2250.379067331969,
            2218.242721709349,
            2262.290393739386
        ]
    },
    "r2": {
        "gradient_boosting": [
            0.9999999377635876,
            0.999999933233919,
            0.9999999223732768,
            0.9999998982542152,
            0.999999894707673,
            0.9999022350402578,
            0.9998952156274705,
            0.9989351413943247,
            0.9978795331932464,
            0.997345392853427,
            0.9973546060698802,
            0.9973186216530776,
            0.9929112365466116,
            0.9929125635921976,
            0.9932145139908188,
            0.9924624135330967,
            0.9903269435330827,
            0.9903231412535564,
            0.9763537612450566,
            0.9685859619507905,
            0.9348506416772012,
            0.9327772625465469,
            0.9388821770889553,
            0.7925135779306259,
            0.5696959166272092,
            0.5737078011292285,
            0.5776572336153963,
            0.5841750338200187,
            0.587922855092712,
            0.5943233104248804,
            0.6214511301841069,
            0.5974669780609839,
            0.6094957843192962,
            0.6102177121256991,
            0.615578427887693,
            0.6171584669633954,
            0.6247662315168947,
            0.6252931574169023,
            0.6281319532803076,
            0.6147331974830064
        ]
    },
    "anomalies": [
        false,
        false,
        false,
        false,
        false,
        false,
        false,
        false,
        false,
        false,
        false,
        false,
        false,
        false,
        false,
        false,
        false,
        false,
        false,
        false,
        false,
        false,
        false,
        false,
        false,
        false,
        false,
        false,
        false,
        false,
        false,
        false,
        false,
        false,
        false,
        false,
        false,
        false,
        false,
        false
    ]
}