{
    "iteration": [
        1,
        2,
        3,
        4,
        5,
        6,
        7,
        8,
        9,
        10,
        11,
        12,
        13,
        14,
        15,
        16,
        17,
        18,
        19,
        20,
        21,
        22,
        23,
        24,
        25,
        26,
        27,
        28,
        29,
        30
    ],
    "mse": {
        "polynomial": [
            0.2965769045356392,
            0.2728868169936061,
            0.27024728681486765,
            0.2729925792563525,
            0.25847938131080384,
            0.264513116899748,
            0.2624491763552428,
            0.2502699528159673,
            0.25403994898383425,
            0.26290352781459625,
            0.2329233651579725,
            0.22532993590563635,
            0.22087626118769008,
            0.2173880917941756,
            0.20875581918545968,
            0.19962166260600206,
            0.195681078362963,
            0.19125004201918136,
            0.18415672861291082,
            0.21391726533701144,
            0.22957688927755784,
            0.21804182797186877,
            0.22778453861775477,
            0.244154496322869,
            0.22134983497309124,
            0.21920115280077038,
            0.37031924806566907,
            0.3383990199246097,
            0.3438123368277974,
            0.41212047290251724
        ]
    },
    "r2": {
        "polynomial": [
            0.9998056861400237,
            0.9998064896256482,
            0.9998137019224201,
            0.9998462973147708,
            0.9998528802212211,
            0.999860407981972,
            0.9998601252518508,
            0.9998623514109535,
            0.9998560143879208,
            0.9998466493048042,
            0.9998573436229651,
            0.9998598908784181,
            0.999857889006364,
            0.9998545013509206,
            0.9998613254849196,
            0.9998622754212847,
            0.9998638811841356,
            0.9998628706684533,
            0.9998902575039373,
            0.9998718872772202,
            0.9998834859755723,
            0.9998888114890409,
            0.9998928092485396,
            0.9998832232604018,
            0.9998931642765955,
            0.9999073375089468,
            0.9998399039256769,
            0.9998663761153641,
            0.9998614772958749,
            0.999833045869608
        ]
    },
    "anomalies": [
        false,
        false,
        false,
        false,
        false,
        false,
        false,
        false,
        false,
        false,
        false,
        false,
        false,
        false,
        false,
        false,
        false,
        false,
        false,
        false,
        false,
        false,
        false,
        false,
        false,
        false,
        false,
        false,
        false,
        false
    ]
}