{
    "iteration": [
        1,
        2,
        3,
        4,
        5,
        6,
        7,
        8,
        9,
        10,
        11,
        12,
        13,
        14,
        15,
        16,
        17,
        18,
        19,
        20,
        21,
        22,
        23,
        24,
        25,
        26,
        27,
        28,
        29,
        30
    ],
    "mse": {
        "elastic_net": [
            0.8370623588988603,
            0.8317420640268298,
            0.8423388566457045,
            0.8515113152889698,
            0.8622318766567841,
            0.778017624728636,
            0.8031707091124968,
            0.7535654992857608,
            0.6799053626734155,
            0.6258106451783803,
            0.7778095160507938,
            0.7414597987802037,
            0.7170937015394775,
            0.6885628176795816,
            0.6602070071051312,
            0.7840604244225082,
            0.8331974235678148,
            0.9272406795991709,
            0.8675599406065977,
            0.8675207066102009,
            1.3262522396663317,
            1.2425181414939737,
            1.4144960325674978,
            1.8260595076372264,
            1.945083153102632,
            1.5912148153119758,
            2.3628788656963295,
            2.2765717474479734,
            2.171976485712478,
            1.069170371235108
        ]
    },
    "r2": {
        "elastic_net": [
            0.9855336955791807,
            0.9850114410033564,
            0.9857330689397512,
            0.984955693638031,
            0.9838249471666614,
            0.9864138834519743,
            0.9858743837305053,
            0.9879522712300612,
            0.9894460361349684,
            0.9898357453710535,
            0.9869280669835655,
            0.9878015645459953,
            0.9881427670802508,
            0.9887097533151652,
            0.9888835606650274,
            0.9865328421685713,
            0.9853356131095482,
            0.9830777952428533,
            0.9842061025022634,
            0.9843160406267258,
            0.9759584027327831,
            0.9769880782065369,
            0.9742291531061906,
            0.9695409362010387,
            0.9667493686488993,
            0.9743532375283654,
            0.9613086438940448,
            0.9617966011942877,
            0.9636461416863742,
            0.982978106903859
        ]
    },
    "anomalies": [
        false,
        false,
        false,
        false,
        false,
        false,
        false,
        false,
        false,
        false,
        false,
        false,
        false,
        false,
        false,
        false,
        false,
        false,
        false,
        false,
        false,
        false,
        false,
        false,
        false,
        false,
        false,
        false,
        false,
        false
    ]
}